,city,lat_lngs,lat,long,temp,max_temp,humidity,wind_speed,clouds
0,vinh,"(18.495342231751806, 105.7170262218495)",18.495342231751806,105.7170262218495,21.16,21.16,80,2.97,10
1,avesta,"(60.0680114495903, 16.144087647848465)",60.0680114495903,16.144087647848465,7.78,7.78,90,0.89,96
3,puerto baquerizo moreno,"(4.006735594219606, -87.47107657300468)",4.006735594219606,-87.47107657300468,24.0,24.0,64,4.1,20
4,vila franca do campo,"(38.08201524879573, -19.72549751125092)",38.08201524879573,-19.72549751125092,15.0,15.0,72,3.6,20
5,saint-philippe,"(-37.13270611119221, 63.74672163378679)",-37.13270611119221,63.74672163378679,20.22,23.0,83,3.1,0
6,san juan del sur,"(10.576392084598112, -86.98330486792833)",10.576392084598112,-86.98330486792833,25.0,25.0,94,7.21,75
7,lata,"(-8.644692638166177, 165.65049376452498)",-8.644692638166177,165.65049376452498,15.16,15.56,90,1.34,85
8,miles city,"(46.989395829767574, -106.06304897869205)",46.989395829767574,-106.06304897869205,8.0,8.0,65,3.6,1
9,port blair,"(12.084629168336932, 88.86921204985117)",12.084629168336932,88.86921204985117,27.2,27.2,80,3.29,0
10,punta arenas,"(-62.371422982093044, -97.45772881920344)",-62.371422982093044,-97.45772881920344,16.0,16.0,51,13.9,40
11,souillac,"(-57.04448909664641, 73.988400789547)",-57.04448909664641,73.988400789547,23.0,23.0,78,3.1,75
12,sao joao da barra,"(-22.512587201458302, -40.09442292682735)",-22.512587201458302,-40.09442292682735,25.0,25.0,65,5.1,75
13,raga,"(9.337421107300841, 24.583975638655232)",9.337421107300841,24.583975638655232,23.75,23.75,37,1.21,0
14,hilo,"(17.638719563828502, -143.4694513078516)",17.638719563828502,-143.4694513078516,24.93,27.0,69,3.1,90
16,jamestown,"(-25.195494559059654, -11.839960481355035)",-25.195494559059654,-11.839960481355035,18.7,19.0,37,3.1,1
17,arraial do cabo,"(-34.77132232902994, -32.905767653862824)",-34.77132232902994,-32.905767653862824,23.57,24.0,69,3.1,75
18,camana,"(-17.12045391254823, -73.44779655104827)",-17.12045391254823,-73.44779655104827,18.46,18.46,71,1.1,79
19,namur,"(50.52051823228959, 4.918606851863814)",50.52051823228959,4.918606851863814,9.02,10.0,81,2.1,90
20,hermanus,"(-85.53079967254223, -6.311209725729071)",-85.53079967254223,-6.311209725729071,15.56,15.56,84,3.58,0
21,panalingaan,"(11.575626513527553, 113.76088233065371)",11.575626513527553,113.76088233065371,25.97,25.97,81,1.99,100
22,san patricio,"(1.706841337533234, -118.78391086805749)",1.706841337533234,-118.78391086805749,26.43,27.78,61,6.7,20
23,progreso,"(22.991151879971255, -91.08830360534309)",22.991151879971255,-91.08830360534309,28.94,29.0,66,5.1,75
24,ushuaia,"(-88.19277311951487, -75.39851378948546)",-88.19277311951487,-75.39851378948546,16.0,16.0,41,5.7,75
25,warkworth,"(-36.1498104716031, 175.27046365700676)",-36.1498104716031,175.27046365700676,18.54,19.44,74,4.47,44
26,hasaki,"(25.695465399552802, 157.06143230646154)",25.695465399552802,157.06143230646154,12.65,13.0,100,1.0,75
28,kapaa,"(34.092269304791174, -174.24396751861352)",34.092269304791174,-174.24396751861352,26.25,28.0,78,6.2,40
29,shimoda,"(23.535654621876958, 142.90703087969734)",23.535654621876958,142.90703087969734,15.0,15.0,92,7.77,98
30,butaritari,"(27.298524161463035, 175.9695691425302)",27.298524161463035,175.9695691425302,27.25,27.25,72,4.77,100
31,constitucion,"(-33.56750128359855, -75.91464012521205)",-33.56750128359855,-75.91464012521205,18.13,18.13,56,7.32,0
32,albany,"(-48.56745904336441, 114.87971406660677)",-48.56745904336441,114.87971406660677,18.51,19.0,48,3.1,75
33,cherskiy,"(82.14911947062578, 162.99743904757133)",82.14911947062578,162.99743904757133,-15.25,-15.25,94,2.86,100
34,mataura,"(-86.4476442435722, -146.46880082316525)",-86.4476442435722,-146.46880082316525,10.56,10.56,57,4.47,65
35,ambilobe,"(-10.349198949669713, 49.84760642479475)",-10.349198949669713,49.84760642479475,23.66,23.66,80,1.83,100
36,hobart,"(-49.89123736448829, 148.20668725896985)",-49.89123736448829,148.20668725896985,8.54,9.44,75,4.1,20
37,margate,"(-36.22948458173473, 36.41152871312792)",-36.22948458173473,36.41152871312792,11.32,12.22,91,0.89,95
39,daru,"(-10.370107132212652, 142.11663493106516)",-10.370107132212652,142.11663493106516,24.76,24.76,91,2.48,98
40,rikitea,"(-55.172026689322884, -136.32822742183066)",-55.172026689322884,-136.32822742183066,21.92,21.92,72,7.52,42
41,mehamn,"(77.51358267978966, 28.333200981304202)",77.51358267978966,28.333200981304202,3.58,3.58,75,11.01,73
42,portland,"(-53.332840803435566, 131.88285560456586)",-53.332840803435566,131.88285560456586,7.97,9.0,81,4.1,90
43,bluff,"(-64.68899759577232, 167.67506013393893)",-64.68899759577232,167.67506013393893,10.56,10.56,57,4.47,5
44,marzuq,"(24.418694075785382, 16.089810547836493)",24.418694075785382,16.089810547836493,18.42,18.42,56,1.49,5
45,castro,"(-47.164685525022094, -108.07917267880019)",-47.164685525022094,-108.07917267880019,21.93,21.93,51,1.61,0
46,barrow,"(87.95118540259412, -144.68787317495568)",87.95118540259412,-144.68787317495568,-1.0,-1.0,92,10.3,90
47,bartica,"(5.657722478277748, -59.184369747757174)",5.657722478277748,-59.184369747757174,27.0,27.0,94,3.1,40
48,los llanos de aridane,"(24.706289033569675, -21.817447925121343)",24.706289033569675,-21.817447925121343,20.0,20.0,64,3.6,20
49,tezu,"(28.84868731550843, 97.20972955773175)",28.84868731550843,97.20972955773175,18.87,18.87,41,1.85,0
50,la ronge,"(58.36521353763473, -106.43551699783055)",58.36521353763473,-106.43551699783055,-6.0,-6.0,73,3.6,100
51,puerto ayora,"(-22.62112686255803, -106.69073574447845)",-22.62112686255803,-106.69073574447845,23.58,26.0,65,10.3,20
52,atuona,"(0.892743085090288, -152.69845700364596)",0.892743085090288,-152.69845700364596,25.48,25.48,70,5.99,66
53,winona,"(44.43895939461174, -91.71744468254208)",44.43895939461174,-91.71744468254208,22.4,22.78,61,3.13,18
54,hithadhoo,"(-1.864134277997067, 79.51794578734683)",-1.864134277997067,79.51794578734683,28.26,28.26,74,4.36,89
55,avarua,"(-57.4279279607668, -165.77859292839827)",-57.4279279607668,-165.77859292839827,25.0,25.0,73,3.68,99
56,bethel,"(46.81346903410582, -161.34848515091502)",46.81346903410582,-161.34848515091502,20.7,22.0,35,2.6,1
57,san cristobal,"(-11.924562819276048, -90.8004405405664)",-11.924562819276048,-90.8004405405664,29.0,29.0,70,5.1,40
58,jatai,"(-18.508179306590208, -52.04184150362178)",-18.508179306590208,-52.04184150362178,30.02,30.02,39,2.47,53
59,celendin,"(-6.736261746319968, -78.21253675226954)",-6.736261746319968,-78.21253675226954,22.0,22.0,26,3.6,75
60,esperance,"(-33.653377198631674, 124.66801367265697)",-33.653377198631674,124.66801367265697,13.0,13.0,100,3.1,75
61,fukue,"(34.382612613010906, 127.85599527569076)",34.382612613010906,127.85599527569076,18.78,18.78,51,9.49,10
62,port alfred,"(-64.83725050021948, 34.7267352492629)",-64.83725050021948,34.7267352492629,20.49,20.49,90,3.01,8
63,mantua,"(23.624793981756696, -86.04222104319396)",23.624793981756696,-86.04222104319396,9.4,10.56,96,1.34,2
64,penzance,"(49.414124634279176, -5.4434944883985565)",49.414124634279176,-5.4434944883985565,13.0,13.0,100,6.2,100
67,caravelas,"(-18.01252842949232, -36.300206960061615)",-18.01252842949232,-36.300206960061615,24.71,24.71,84,2.6,0
68,lagoa,"(46.15550646263776, -25.90849576750722)",46.15550646263776,-25.90849576750722,16.16,16.16,73,8.85,0
70,baoding,"(38.87278296738654, 115.55492159555604)",38.87278296738654,115.55492159555604,4.01,4.01,55,2.4,0
71,fortuna,"(38.572109704043044, -139.8274584904708)",38.572109704043044,-139.8274584904708,12.63,13.33,54,7.7,1
72,bonavista,"(51.47978558181529, -48.057540277095825)",51.47978558181529,-48.057540277095825,3.2,5.0,82,2.1,89
73,yellowknife,"(71.1231435985099, -110.1387704942617)",71.1231435985099,-110.1387704942617,-11.74,-11.11,85,2.1,75
74,rio grande,"(-42.69565044423452, -39.87553852721001)",-42.69565044423452,-39.87553852721001,22.0,22.0,73,8.2,75
75,banda aceh,"(2.3826269115300107, 91.24772290351302)",2.3826269115300107,91.24772290351302,25.81,25.81,79,1.06,99
76,jaguariuna,"(-22.65297387921403, -46.93830277828059)",-22.65297387921403,-46.93830277828059,32.0,32.0,21,5.7,0
77,acapulco,"(10.2875611769269, -103.2714322674697)",10.2875611769269,-103.2714322674697,31.0,31.0,70,2.1,5
78,busselton,"(-42.2401887641726, 96.58497247972929)",-42.2401887641726,96.58497247972929,11.59,12.78,66,1.43,50
79,ust-kuyga,"(70.05187445743297, 135.96758047041249)",70.05187445743297,135.96758047041249,-30.58,-30.58,85,2.11,100
80,poya,"(-26.444273974799103, 161.63834262233297)",-26.444273974799103,161.63834262233297,25.07,25.07,70,3.9,45
81,akdepe,"(42.31741851461962, 57.51740920083836)",42.31741851461962,57.51740920083836,10.5,11.0,71,3.1,0
82,hambantota,"(4.38095369281568, 83.4555588393352)",4.38095369281568,83.4555588393352,26.24,26.24,80,4.4,0
83,lebu,"(-37.975489952181825, -99.97934325852259)",-37.975489952181825,-99.97934325852259,13.33,13.33,63,10.39,0
84,pacific grove,"(34.65590599917671, -124.41219857188611)",34.65590599917671,-124.41219857188611,13.44,14.44,66,5.1,75
85,cabo san lucas,"(12.059815840014025, -121.06446285532286)",12.059815840014025,-121.06446285532286,27.8,28.33,65,3.6,40
86,toora-khem,"(52.76616862992256, 95.51668028779557)",52.76616862992256,95.51668028779557,-3.55,-3.55,96,1.09,55
87,okhotsk,"(61.511248695767506, 143.58696655202743)",61.511248695767506,143.58696655202743,-11.98,-11.98,89,6.62,94
88,esil,"(51.6927289466108, 66.41706355762875)",51.6927289466108,66.41706355762875,6.54,6.54,62,6.66,100
89,batagay-alyta,"(68.5199579629932, 129.00244776659764)",68.5199579629932,129.00244776659764,-24.74,-24.74,80,0.52,70
90,victoria,"(-8.118636969178922, 53.924257109710226)",-8.118636969178922,53.924257109710226,22.9,25.0,47,4.47,9
91,bathsheba,"(14.015424101850769, -53.30698747442821)",14.015424101850769,-53.30698747442821,28.0,28.0,83,7.7,40
92,amapa,"(2.2967148064207947, -48.53538249928937)",2.2967148064207947,-48.53538249928937,26.63,26.63,78,1.79,100
93,bilma,"(20.778858672725832, 13.709030399463842)",20.778858672725832,13.709030399463842,21.66,21.66,30,5.34,0
94,imbituba,"(-29.569917328871753, -43.31754254475442)",-29.569917328871753,-43.31754254475442,24.0,24.0,60,6.7,20
95,mount gambier,"(-51.98676774350901, 129.8264864399079)",-51.98676774350901,129.8264864399079,4.0,4.0,93,2.1,0
96,port keats,"(-15.135712969278202, 129.59644594777166)",-15.135712969278202,129.59644594777166,28.31,28.31,63,1.54,3
98,cape town,"(-65.16074096881417, -17.294355366683902)",-65.16074096881417,-17.294355366683902,15.86,16.67,82,7.7,75
99,mwense,"(-10.19891748765751, 28.25749950201532)",-10.19891748765751,28.25749950201532,22.79,22.79,55,1.28,0
100,kenai,"(64.89080948638326, -154.4973003597589)",64.89080948638326,-154.4973003597589,-3.81,-3.33,85,6.2,90
101,tokmak,"(43.455036670189514, 75.38584903714681)",43.455036670189514,75.38584903714681,10.25,10.25,71,3.64,100
102,alexandria,"(30.533547152486648, 29.61841167551941)",30.533547152486648,29.61841167551941,18.0,18.0,88,1.0,40
103,verkhnevilyuysk,"(63.03557611708186, 120.28316788372285)",63.03557611708186,120.28316788372285,-21.04,-21.04,91,1.96,89
104,nikolskoye,"(53.151473925236814, 172.62538594497278)",53.151473925236814,172.62538594497278,8.41,9.0,87,7.0,90
105,fare,"(-15.790490551802279, -150.37835404774347)",-15.790490551802279,-150.37835404774347,26.53,26.53,75,5.17,87
106,narsaq,"(80.832282059259, -65.00099045262297)",80.832282059259,-65.00099045262297,-2.0,-2.0,74,3.21,100
107,bengkulu,"(-20.37761212527934, 91.61191559298669)",-20.37761212527934,91.61191559298669,24.35,24.35,85,1.67,84
108,chokurdakh,"(73.38060862908381, 152.42126744150426)",73.38060862908381,152.42126744150426,-16.42,-16.42,95,2.55,100
109,codrington,"(26.337680569824457, -53.14389007088394)",26.337680569824457,-53.14389007088394,8.08,8.08,86,2.47,4
110,cabatuan,"(12.735007506324337, 125.37916806364336)",12.735007506324337,125.37916806364336,22.88,22.88,92,1.13,100
111,marathon,"(24.940941761365494, -81.35809239873184)",24.940941761365494,-81.35809239873184,21.06,21.11,52,8.2,1
112,whakatane,"(-37.670242217340345, 177.02474815651897)",-37.670242217340345,177.02474815651897,18.0,18.0,91,6.48,11
113,ketchikan,"(55.7304425837678, -132.12575227842046)",55.7304425837678,-132.12575227842046,3.4,4.0,74,10.3,1
114,roald,"(71.86240372166733, 1.3557043092346532)",71.86240372166733,1.3557043092346532,6.21,7.22,93,2.1,90
115,pisco,"(-20.27840058518784, -86.66069443040615)",-20.27840058518784,-86.66069443040615,18.95,19.0,82,3.1,90
116,tynda,"(55.037896264981555, 126.26245514400017)",55.037896264981555,126.26245514400017,-21.38,-21.38,87,1.6,0
117,soyo,"(-6.70130603798161, 12.338908488817225)",-6.70130603798161,12.338908488817225,25.53,25.53,86,3.69,69
118,kavieng,"(4.912623084240522, 152.38726746040714)",4.912623084240522,152.38726746040714,28.42,28.42,68,3.36,44
119,bredasdorp,"(-89.34030370943238, 19.555314773245186)",-89.34030370943238,19.555314773245186,17.0,17.0,55,7.2,0
120,labytnangi,"(67.02140089581096, 66.2669451835381)",67.02140089581096,66.2669451835381,-3.23,-3.23,98,1.04,100
121,aripuana,"(-10.07518367705832, -60.61055422269796)",-10.07518367705832,-60.61055422269796,33.09,33.09,44,1.19,76
122,torbay,"(37.59674206926347, -43.91542195563636)",37.59674206926347,-43.91542195563636,7.7,8.33,81,13.9,75
123,aykhal,"(65.66188805660704, 107.71373564217089)",65.66188805660704,107.71373564217089,-19.0,-19.0,84,3.0,0
124,jacqueville,"(2.3673458193729573, -4.168456812951121)",2.3673458193729573,-4.168456812951121,28.0,28.0,83,3.1,20
125,vaini,"(-38.43821941965428, -167.94139086140535)",-38.43821941965428,-167.94139086140535,26.0,26.0,74,2.6,20
126,mathbaria,"(22.321599766899055, 89.9197940101721)",22.321599766899055,89.9197940101721,17.63,17.63,73,2.25,0
127,qaanaaq,"(73.8792489460275, -88.7290943058217)",73.8792489460275,-88.7290943058217,-25.17,-25.17,71,3.75,0
128,kangaatsiaq,"(69.38985092448388, -55.415653440709434)",69.38985092448388,-55.415653440709434,-9.05,-9.05,84,3.46,44
129,yongan,"(25.76159010365913, 116.88436112583531)",25.76159010365913,116.88436112583531,-2.06,-2.06,75,1.57,0
130,nuuk,"(62.764677308898484, -53.32480951375392)",62.764677308898484,-53.32480951375392,-6.06,-6.0,100,7.7,90
131,ampanihy,"(-28.02692276706837, 39.87055714409635)",-28.02692276706837,39.87055714409635,24.08,24.08,54,1.32,0
132,jiazi,"(20.021566349234874, 116.9743611025857)",20.021566349234874,116.9743611025857,21.62,21.62,82,5.41,96
133,upernavik,"(87.76420673389859, -44.92443317066241)",87.76420673389859,-44.92443317066241,-18.44,-18.44,76,3.29,0
134,new norfolk,"(-57.77215957796516, 137.9804111010011)",-57.77215957796516,137.9804111010011,7.73,9.44,69,0.45,5
135,coihaique,"(-49.452876277595216, -72.71483111544885)",-49.452876277595216,-72.71483111544885,20.0,20.0,34,3.6,0
136,samarai,"(-13.662176344322077, 150.10785363863477)",-13.662176344322077,150.10785363863477,27.5,27.5,82,3.53,12
137,illela,"(14.075913635222264, 5.079535766483048)",14.075913635222264,5.079535766483048,25.82,25.82,17,3.11,0
138,provideniya,"(66.04861558749093, -174.44710980448625)",66.04861558749093,-174.44710980448625,-2.07,-2.07,93,2.39,12
139,beauvais,"(49.65211834703288, 1.9106719028713428)",49.65211834703288,1.9106719028713428,9.66,10.0,93,1.0,48
140,siniscola,"(40.40039376039738, 10.16715361850882)",40.40039376039738,10.16715361850882,12.0,12.0,93,1.5,5
141,grindavik,"(59.466285022659804, -22.224865873861972)",59.466285022659804,-22.224865873861972,5.0,5.0,80,8.7,75
143,marand,"(38.22608222560086, 45.791067249470615)",38.22608222560086,45.791067249470615,9.0,9.0,76,2.1,90
144,broome,"(-15.672594786586302, 119.95277202430202)",-15.672594786586302,119.95277202430202,17.63,18.0,45,2.1,1
146,trairi,"(-0.015434524817692363, -37.084037428932305)",-0.015434524817692363,-37.084037428932305,26.8,26.8,74,5.35,1
147,ponta do sol,"(21.769698977478598, -33.704150037794875)",21.769698977478598,-33.704150037794875,16.48,18.0,72,2.1,20
148,kincardine,"(44.508062380828335, -82.17437636267799)",44.508062380828335,-82.17437636267799,5.12,6.11,100,2.6,90
149,sur,"(16.498855920952323, 61.678964208853216)",16.498855920952323,61.678964208853216,24.09,24.09,76,3.39,0
150,alice springs,"(-20.427551352003363, 135.07880803903737)",-20.427551352003363,135.07880803903737,16.0,16.0,23,2.1,51
151,kintampo,"(8.199817943668833, -1.7797151349659543)",8.199817943668833,-1.7797151349659543,26.26,26.26,54,1.81,100
152,east london,"(-61.69378243131976, 44.86611869458923)",-61.69378243131976,44.86611869458923,20.76,20.76,81,4.88,0
153,yeppoon,"(-19.754793559276592, 154.50982568949854)",-19.754793559276592,154.50982568949854,24.0,24.0,64,5.1,90
154,bilibino,"(67.14766140907471, 164.58524917553734)",67.14766140907471,164.58524917553734,-17.1,-17.1,90,0.87,100
155,saskylakh,"(82.29500962346037, 113.75112134193057)",82.29500962346037,113.75112134193057,-22.55,-22.55,89,3.21,0
156,dolores,"(-35.83361196820968, -57.035502754124394)",-35.83361196820968,-57.035502754124394,21.56,21.56,70,4.09,4
157,tasiilaq,"(75.34545311348978, -35.56265866528247)",75.34545311348978,-35.56265866528247,-3.0,-3.0,92,3.6,49
158,karachi,"(25.15690346052547, 66.88783904497919)",25.15690346052547,66.88783904497919,19.0,19.0,55,2.1,0
159,ribeira grande,"(41.54701769580632, -39.32016111169668)",41.54701769580632,-39.32016111169668,15.0,15.0,77,4.6,40
160,namibe,"(-15.270091515590238, 10.694462886514685)",-15.270091515590238,10.694462886514685,21.33,21.33,67,4.59,28
162,bintulu,"(2.913440877263014, 114.4716914255115)",2.913440877263014,114.4716914255115,25.0,25.0,94,1.02,20
163,klaksvik,"(62.58483889401984, -3.673006521868018)",62.58483889401984,-3.673006521868018,6.0,6.0,81,4.1,93
164,mahebourg,"(-39.25523605547758, 71.62442162845824)",-39.25523605547758,71.62442162845824,23.0,23.0,78,3.1,75
165,mandalgovi,"(42.629422578700996, 104.96371194601846)",42.629422578700996,104.96371194601846,-3.36,-3.36,70,3.63,0
166,acarau,"(-0.3795539138342008, -40.008470844646496)",-0.3795539138342008,-40.008470844646496,27.3,27.3,73,7.98,67
167,magadan,"(57.384040018654304, 150.3978419883482)",57.384040018654304,150.3978419883482,-11.97,-11.97,86,6.71,98
168,hirara,"(25.824916902288194, 125.73621690939541)",25.824916902288194,125.73621690939541,25.64,25.64,87,3.65,0
169,port-cartier,"(56.375962345970294, -69.62045959596695)",56.375962345970294,-69.62045959596695,-0.39,0.0,89,3.1,51
170,komsomolskiy,"(80.85963523487723, 175.06636695680913)",80.85963523487723,175.06636695680913,7.89,9.0,48,3.1,87
171,nanortalik,"(56.89347469066254, -39.36790242065723)",56.89347469066254,-39.36790242065723,0.26,0.26,90,3.37,100
172,ostroleka,"(52.854274504731706, 21.63162683214361)",52.854274504731706,21.63162683214361,7.78,7.78,87,0.45,0
173,santa rosa,"(-38.00118219315072, -64.58128511940771)",-38.00118219315072,-64.58128511940771,24.07,25.0,88,5.1,75
174,atuntaqui,"(0.632981219162744, -78.40168399946522)",0.632981219162744,-78.40168399946522,20.0,20.0,52,9.8,40
176,wanning,"(18.16218885583683, 111.98414778931198)",18.16218885583683,111.98414778931198,22.12,22.12,79,3.97,0
178,chuy,"(-44.09740372534829, -42.29154622908487)",-44.09740372534829,-42.29154622908487,18.77,18.77,78,4.58,12
179,anaco,"(9.65389634577194, -64.4090846847209)",9.65389634577194,-64.4090846847209,29.25,29.25,75,1.13,71
180,coquimbo,"(-27.306914058158675, -77.98753495259054)",-27.306914058158675,-77.98753495259054,16.0,16.0,72,5.7,0
181,pangnirtung,"(62.182984779655726, -61.94554183006548)",62.182984779655726,-61.94554183006548,-12.0,-12.0,85,4.1,90
182,tuktoyaktuk,"(79.76054540252855, -137.51962681435361)",79.76054540252855,-137.51962681435361,-3.0,-3.0,86,10.8,75
184,kodiak,"(51.304845320229674, -144.4363876537478)",51.304845320229674,-144.4363876537478,6.0,6.0,81,4.6,90
185,fort nelson,"(58.35695073246103, -123.59706964596771)",58.35695073246103,-123.59706964596771,-9.0,-9.0,78,1.88,75
186,boyolangu,"(-11.926318534782524, 111.68070283994058)",-11.926318534782524,111.68070283994058,23.75,23.75,84,1.25,1
187,praia,"(11.900814989023829, -21.38512059317182)",11.900814989023829,-21.38512059317182,26.0,26.0,78,7.2,0
188,nannilam,"(10.89082101307541, 79.54690191289546)",10.89082101307541,79.54690191289546,24.73,24.73,90,3.54,55
189,gimli,"(53.33062109275539, -95.71518578809858)",53.33062109275539,-95.71518578809858,1.69,3.0,80,9.3,100
190,georgetown,"(-6.233696740005357, -22.416131021260497)",-6.233696740005357,-22.416131021260497,25.51,26.0,94,2.45,20
191,whitehorse,"(59.915389077157556, -133.66073023866)",59.915389077157556,-133.66073023866,-16.0,-16.0,84,2.1,40
192,mayumba,"(-5.024086806221035, 9.808315621529744)",-5.024086806221035,9.808315621529744,25.54,25.54,90,3.76,97
193,chichester,"(50.51502438086487, -0.8362160363779196)",50.51502438086487,-0.8362160363779196,11.86,12.22,96,0.45,56
194,puerto escondido,"(9.091161538053356, -100.63929887165918)",9.091161538053356,-100.63929887165918,29.0,29.0,70,3.6,20
195,saint-pierre,"(37.559426383162645, -52.39910278688535)",37.559426383162645,-52.39910278688535,19.29,22.0,83,3.1,0
196,erenhot,"(43.426954095909224, 112.67234138490574)",43.426954095909224,112.67234138490574,-2.35,-2.35,79,2.88,0
198,sakakah,"(30.95540886769753, 41.545243410894955)",30.95540886769753,41.545243410894955,18.0,18.0,45,3.1,0
199,kichmengskiy gorodok,"(59.62649186124568, 46.02128129047915)",59.62649186124568,46.02128129047915,1.79,1.79,87,4.89,90
200,santa fe,"(20.656387906493677, -82.44741507877023)",20.656387906493677,-82.44741507877023,30.79,31.67,30,0.89,6
201,novyy svit,"(46.068984796992055, 36.381484970417546)",46.068984796992055,36.381484970417546,8.07,8.07,74,3.28,1
202,rusape,"(-18.249633753599454, 32.30064083325027)",-18.249633753599454,32.30064083325027,22.38,22.38,37,2.78,0
203,morros,"(-8.818120241066154, -47.155908527640605)",-8.818120241066154,-47.155908527640605,25.45,25.45,80,2.68,81
204,bantou,"(25.96722723447904, 118.18253090957745)",25.96722723447904,118.18253090957745,17.91,17.91,77,0.96,95
205,laguna,"(-44.43324883600548, -31.153522979527054)",-44.43324883600548,-31.153522979527054,15.99,16.67,38,3.1,1
206,lavrentiya,"(74.93599062222552, -171.60524959487626)",74.93599062222552,-171.60524959487626,-1.72,-1.72,96,4.38,59
207,dillon,"(45.13243562239373, -112.30753088323962)",45.13243562239373,-112.30753088323962,25.0,25.56,61,4.26,40
208,sangar,"(63.779499553709144, 127.71454812985309)",63.779499553709144,127.71454812985309,-25.3,-25.3,89,2.14,97
209,taltal,"(-25.00223508920145, -78.3056094193752)",-25.00223508920145,-78.3056094193752,17.37,17.37,66,2.56,24
210,khatanga,"(71.40052259830412, 101.17101437042271)",71.40052259830412,101.17101437042271,-20.19,-20.19,87,5.7,9
211,neiafu,"(-18.786165392093608, -172.90670094610013)",-18.786165392093608,-172.90670094610013,27.0,27.0,69,4.6,40
212,sembe,"(1.608192421380707, 14.5854520044264)",1.608192421380707,14.5854520044264,21.72,21.72,92,0.36,51
213,caboolture,"(-26.9399255627105, 152.49414967039604)",-26.9399255627105,152.49414967039604,19.26,19.44,81,0.45,52
214,urengoy,"(65.28814516503556, 79.8409005935805)",65.28814516503556,79.8409005935805,0.16,0.16,98,1.42,100
215,isabela,"(19.800368920650484, -67.75876284294654)",19.800368920650484,-67.75876284294654,23.0,23.0,100,0.6,40
216,leningradskiy,"(82.35191574454794, 176.56238946243627)",82.35191574454794,176.56238946243627,-6.86,-6.86,96,5.09,100
218,adwa,"(14.251236499737914, 39.890909916146256)",14.251236499737914,39.890909916146256,18.05,18.05,53,1.59,100
219,airai,"(13.151493033535388, 145.19429322962606)",13.151493033535388,145.19429322962606,17.12,17.12,56,1.0,90
220,bojnurd,"(37.12213976117454, 56.59652926852081)",37.12213976117454,56.59652926852081,12.0,12.0,71,2.1,0
221,bandarbeyla,"(8.651718199351308, 61.03374514085863)",8.651718199351308,61.03374514085863,24.56,24.56,85,6.47,66
222,talnakh,"(75.50594751047916, 90.25255169266757)",75.50594751047916,90.25255169266757,-8.0,-8.0,85,10.0,75
223,comodoro rivadavia,"(-48.127540865167255, -65.70448086660296)",-48.127540865167255,-65.70448086660296,20.0,20.0,45,6.7,0
224,castrillon,"(43.44250504008173, -6.697369869915491)",43.44250504008173,-6.697369869915491,14.38,15.56,82,1.0,0
225,sao filipe,"(15.01548458515623, -26.459847131927575)",15.01548458515623,-26.459847131927575,26.5,26.5,76,7.18,28
226,shitkino,"(56.73856581484392, 98.88688280996269)",56.73856581484392,98.88688280996269,3.0,3.0,94,3.12,100
227,arlit,"(20.202027653160556, 6.022640253730003)",20.202027653160556,6.022640253730003,24.65,24.65,23,6.24,3
228,port hardy,"(49.04218509957903, -132.31932857208855)",49.04218509957903,-132.31932857208855,7.0,7.0,64,9.8,20
229,tharad,"(24.438437514237364, 71.69352377208838)",24.438437514237364,71.69352377208838,22.84,22.84,34,1.25,0
230,rocha,"(-43.43764611496051, -47.11745280021128)",-43.43764611496051,-47.11745280021128,19.25,19.25,75,4.21,24
231,mar del plata,"(-54.52941922432543, -40.46157641414996)",-54.52941922432543,-40.46157641414996,22.0,22.0,53,3.1,0
232,qaqortoq,"(60.77663401883973, -45.95554449900726)",60.77663401883973,-45.95554449900726,-2.0,-2.0,74,2.75,100
235,kiunga,"(-5.886295483412596, 142.0120900552568)",-5.886295483412596,142.0120900552568,21.93,21.93,98,0.72,100
236,ishigaki,"(23.602950184666597, 123.7534905178045)",23.602950184666597,123.7534905178045,24.0,24.0,100,2.6,40
237,thompson,"(71.03510067416542, -100.47701301952212)",71.03510067416542,-100.47701301952212,-7.0,-7.0,85,1.0,90
238,lompoc,"(26.653936745539582, -125.44955840621412)",26.653936745539582,-125.44955840621412,13.78,14.0,62,6.7,40
240,saldanha,"(-38.27829195022618, 2.19163507436366)",-38.27829195022618,2.19163507436366,16.0,16.0,87,5.7,0
241,halifax,"(40.33119121572551, -60.99377612034165)",40.33119121572551,-60.99377612034165,14.13,15.0,58,2.6,8
242,ancud,"(-42.27104943697646, -81.89757844483687)",-42.27104943697646,-81.89757844483687,15.6,17.0,55,4.6,0
243,zhuanghe,"(39.63115473683101, 122.67027243890612)",39.63115473683101,122.67027243890612,2.78,2.78,31,3.7,0
244,almaznyy,"(63.09788807591954, 115.32520630012186)",63.09788807591954,115.32520630012186,6.0,6.0,93,3.0,20
246,sal rei,"(15.703686140602258, -21.275600953779758)",15.703686140602258,-21.275600953779758,25.0,25.0,78,6.2,75
247,evensk,"(63.63431239638763, 157.99760583411654)",63.63431239638763,157.99760583411654,-10.66,-10.66,89,4.34,94
248,wolomin,"(52.328169170474894, 21.32324319623828)",52.328169170474894,21.32324319623828,8.47,9.44,92,2.89,0
249,karratha,"(-16.768174787592912, 115.44274430980244)",-16.768174787592912,115.44274430980244,21.0,21.0,64,4.31,0
250,longyearbyen,"(74.40213583864102, 15.753699154862574)",74.40213583864102,15.753699154862574,-3.0,-3.0,86,1.5,100
251,flinders,"(-33.27784868458197, 130.7435172647963)",-33.27784868458197,130.7435172647963,15.56,15.56,69,1.34,36
252,kirakira,"(-11.46974833159669, 162.9637948036734)",-11.46974833159669,162.9637948036734,28.17,28.17,75,2.5,76
253,wittmund,"(54.388894149176565, 7.563648033263547)",54.388894149176565,7.563648033263547,5.89,7.78,93,1.0,0
254,todos santos,"(21.77079707964532, -113.01823104937823)",21.77079707964532,-113.01823104937823,27.51,27.78,74,1.34,0
256,port antonio,"(18.481187811010273, -75.53619224806567)",18.481187811010273,-75.53619224806567,24.3,24.44,94,10.3,75
257,saryozek,"(44.31614739190189, 77.48208513676542)",44.31614739190189,77.48208513676542,8.26,8.26,42,4.28,85
258,valparaiso,"(-32.71646382668684, -75.25935821113859)",-32.71646382668684,-75.25935821113859,14.18,14.44,82,3.6,40
259,necochea,"(-40.7905105584877, -59.479547923902544)",-40.7905105584877,-59.479547923902544,15.56,15.56,82,4.02,0
260,cay,"(38.503728424594584, 30.89038924961926)",38.503728424594584,30.89038924961926,7.12,7.12,60,3.43,0
261,ca mau,"(7.1401023182118735, 104.51996867040737)",7.1401023182118735,104.51996867040737,24.21,24.21,94,1.54,78
262,norman wells,"(78.93688893356529, -121.21554127541835)",78.93688893356529,-121.21554127541835,-3.0,-3.0,100,2.6,90
263,faya,"(19.700733923103968, 19.040759160400086)",19.700733923103968,19.040759160400086,15.0,16.0,62,0.84,0
265,chincha alta,"(-13.552528260607986, -75.96473918827172)",-13.552528260607986,-75.96473918827172,19.45,20.0,72,2.1,75
266,biak,"(2.955113937146649, 138.07798683478285)",2.955113937146649,138.07798683478285,25.24,25.24,76,2.87,98
267,tilichiki,"(58.586832142127946, 166.01356738782766)",58.586832142127946,166.01356738782766,-7.97,-7.97,94,3.44,0
268,naze,"(20.02843310957911, 139.64912269095697)",20.02843310957911,139.64912269095697,23.0,23.0,94,6.2,90
269,san rafael,"(-17.335737330842164, -60.40049646802291)",-17.335737330842164,-60.40049646802291,30.59,30.59,19,5.26,2
270,alappuzha,"(9.415868280800566, 75.00950953777954)",9.415868280800566,75.00950953777954,26.48,26.48,84,1.76,0
271,lolodorf,"(3.1978381230914437, 10.56452171430962)",3.1978381230914437,10.56452171430962,22.0,22.0,96,1.27,100
272,parakou,"(9.626835083746244, 2.7174775891177205)",9.626835083746244,2.7174775891177205,25.34,25.34,35,1.93,37
273,saint-augustin,"(55.2919232111561, -57.9736656121361)",55.2919232111561,-57.9736656121361,-0.1,-0.1,88,6.68,0
274,kaitangata,"(-86.15794272128323, 179.18016993168084)",-86.15794272128323,179.18016993168084,10.56,10.56,57,4.92,95
275,charagua,"(-19.400470071051146, -62.68298507978275)",-19.400470071051146,-62.68298507978275,36.0,36.0,20,4.1,40
277,luau,"(-9.2487585889875, 22.75336166538179)",-9.2487585889875,22.75336166538179,19.11,19.11,85,1.21,89
278,orlik,"(52.641373649586455, 99.6590472659833)",52.641373649586455,99.6590472659833,-8.75,-8.75,89,1.48,63
279,vaitape,"(-18.210621057250606, -153.6287179271617)",-18.210621057250606,-153.6287179271617,26.54,26.54,77,5.33,72
280,minchinabad,"(30.1149728892197, 73.57145352312651)",30.1149728892197,73.57145352312651,18.42,18.42,26,1.05,0
281,okha,"(53.736036042693144, 142.59368448863518)",53.736036042693144,142.59368448863518,-3.78,-3.78,90,3.58,60
282,yenagoa,"(3.1394121143074187, 3.8481301695152297)",3.1394121143074187,3.8481301695152297,24.68,24.68,90,2.02,100
283,aklavik,"(74.32056253266308, -142.12055360500935)",74.32056253266308,-142.12055360500935,1.0,1.0,59,3.1,40
284,hargeysa,"(7.645411730826154, 44.11358848474325)",7.645411730826154,44.11358848474325,18.59,18.59,79,2.01,3
286,bangangte,"(4.911254245264615, 10.780802200644871)",4.911254245264615,10.780802200644871,16.64,16.64,100,1.61,82
287,severo-kurilsk,"(46.69642773731934, 155.48185045995)",46.69642773731934,155.48185045995,1.38,1.38,83,0.86,3
288,alihe,"(49.52132810267449, 123.39776950262365)",49.52132810267449,123.39776950262365,-7.8,-7.8,87,3.96,100
289,san quintin,"(22.434401835069906, -125.68925922675737)",22.434401835069906,-125.68925922675737,18.94,18.94,53,7.61,0
290,katsuura,"(18.940574953856, 150.92159187945043)",18.940574953856,150.92159187945043,16.0,16.0,72,1.5,75
291,lanuvio,"(41.65974645527652, 12.682022882101194)",41.65974645527652,12.682022882101194,13.04,15.56,87,1.0,0
292,igrim,"(64.23006643511744, 63.73165922588029)",64.23006643511744,63.73165922588029,0.34,0.34,97,2.18,100
293,carnarvon,"(-21.86911697047033, 108.92543917391168)",-21.86911697047033,108.92543917391168,21.0,21.0,77,6.7,75
294,port hawkesbury,"(38.59365027547747, -59.18468951655329)",38.59365027547747,-59.18468951655329,6.45,6.67,75,2.1,40
295,de aar,"(-30.830830128423536, 23.233422600646435)",-30.830830128423536,23.233422600646435,20.84,20.84,31,4.79,0
296,genhe,"(51.39068695193728, 121.10263929496563)",51.39068695193728,121.10263929496563,-14.93,-14.93,92,1.56,14
297,sungaipenuh,"(-1.6835689167987056, 101.03554948532286)",-1.6835689167987056,101.03554948532286,18.6,18.6,93,1.51,100
298,leh,"(35.354524349775474, 80.48190706467733)",35.354524349775474,80.48190706467733,-2.25,-2.25,61,1.54,0
299,severnyy,"(71.78490036265248, 66.10483488824016)",71.78490036265248,66.10483488824016,4.84,5.0,100,3.0,0
301,tiznit,"(27.770768719254363, -11.199877239912126)",27.770768719254363,-11.199877239912126,17.44,17.44,68,0.44,17
302,ebebiyin,"(2.1067305920510506, 11.297908547052145)",2.1067305920510506,11.297908547052145,20.86,20.86,97,1.81,100
303,valleyview,"(54.72042030407516, -117.00236971665481)",54.72042030407516,-117.00236971665481,-7.0,-7.0,73,4.1,92
304,cap malheureux,"(-13.322029353695513, 59.43010436721653)",-13.322029353695513,59.43010436721653,21.67,21.67,77,1.34,21
305,tiksi,"(80.07086114636564, 131.12152434597658)",80.07086114636564,131.12152434597658,-22.25,-22.25,91,0.83,0
306,vila velha,"(-25.794129282060055, -30.851680699827966)",-25.794129282060055,-30.851680699827966,24.7,25.0,78,3.1,75
307,saint george,"(28.94271200414238, -54.234356447349654)",28.94271200414238,-54.234356447349654,15.69,16.0,18,9.3,1
308,dikson,"(84.03018530644655, 79.57358759052369)",84.03018530644655,79.57358759052369,-19.58,-19.58,89,5.15,87
309,longhua,"(29.01436223377317, 107.75008474126992)",29.01436223377317,107.75008474126992,17.53,17.53,62,1.65,2
312,itarema,"(7.141434730665068, -35.680592603035734)",7.141434730665068,-35.680592603035734,27.09,27.09,74,7.47,88
313,manggar,"(-2.256147757218727, 109.25953282883529)",-2.256147757218727,109.25953282883529,26.74,26.74,80,1.68,93
314,sibolga,"(1.7026713296227172, 98.36573295843544)",1.7026713296227172,98.36573295843544,25.0,25.0,80,1.95,100
315,bambous virieux,"(-24.400750694674315, 69.53991535498426)",-24.400750694674315,69.53991535498426,22.37,23.0,78,3.1,75
316,oktyabrskoye,"(52.55022952783236, 55.420070748427634)",52.55022952783236,55.420070748427634,8.0,8.0,70,7.0,100
318,gamba,"(-5.588947943486218, 6.185745296783352)",-5.588947943486218,6.185745296783352,25.06,25.06,91,2.86,86
319,svetlyy,"(51.015546459744854, 61.49267349674267)",51.015546459744854,61.49267349674267,8.0,8.0,100,5.0,90
320,vestmannaeyjar,"(62.02710391396275, -21.258716006038924)",62.02710391396275,-21.258716006038924,7.46,7.46,74,8.93,100
321,pochinki,"(54.571585992060875, 44.529222434855114)",54.571585992060875,44.529222434855114,2.18,2.18,93,2.3,13
322,umm lajj,"(25.75720472058046, 37.93189920562526)",25.75720472058046,37.93189920562526,22.21,22.21,66,2.85,57
323,beihai,"(20.899624245563444, 109.56588411175323)",20.899624245563444,109.56588411175323,21.29,21.29,67,8.42,0
324,champasak,"(14.204315233290899, 105.76800990983281)",14.204315233290899,105.76800990983281,19.33,19.33,97,0.59,6
326,kahului,"(26.511594040124507, -154.83841258616877)",26.511594040124507,-154.83841258616877,26.87,31.0,52,11.3,40
327,delijan,"(34.195157131353184, 50.880258726535715)",34.195157131353184,50.880258726535715,12.2,12.2,42,1.43,100
328,jumla,"(31.827474244508977, 82.32422404826656)",31.827474244508977,82.32422404826656,4.89,4.89,54,1.53,0
329,rudnogorsk,"(57.48159678715797, 103.92513551608693)",57.48159678715797,103.92513551608693,-3.99,-3.99,99,2.21,100
331,gat,"(24.975918777322548, 6.371351958272584)",24.975918777322548,6.371351958272584,18.12,19.44,76,2.66,59
332,ilulissat,"(73.98606069375745, -45.91667825844186)",73.98606069375745,-45.91667825844186,-11.0,-11.0,56,3.1,28
334,launceston,"(-40.38576696214875, 148.69810733228877)",-40.38576696214875,148.69810733228877,10.53,11.67,76,2.1,40
335,alofi,"(-23.094685598045487, -170.2191930524124)",-23.094685598045487,-170.2191930524124,26.0,26.0,74,6.7,75
336,ratnapura,"(6.528941158356545, 80.47750046558161)",6.528941158356545,80.47750046558161,24.25,24.25,82,0.69,42
337,aswan,"(22.58411732333991, 26.825798116602897)",22.58411732333991,26.825798116602897,20.94,20.94,43,3.98,97
340,marienburg,"(9.780325860098785, -54.93320969816756)",9.780325860098785,-54.93320969816756,6.11,6.67,100,3.21,0
341,paracuru,"(5.357242570284285, -33.60441763969635)",5.357242570284285,-33.60441763969635,28.0,28.0,69,4.6,0
342,manoel urbano,"(-8.45915527485829, -69.35652551700105)",-8.45915527485829,-69.35652551700105,33.1,33.1,42,1.26,60
343,cururupu,"(2.3423451741887504, -42.67873895437842)",2.3423451741887504,-42.67873895437842,27.12,27.12,76,2.2,96
344,port lincoln,"(-41.97767586324275, 129.7017549922312)",-41.97767586324275,129.7017549922312,15.8,15.8,73,7.08,34
345,taoudenni,"(22.556900194751222, -1.2459721305344829)",22.556900194751222,-1.2459721305344829,29.7,29.7,14,4.89,53
346,mezen,"(68.68258864969226, 45.75691273507127)",68.68258864969226,45.75691273507127,0.34,0.34,97,3.86,100
347,beira,"(-20.971233704374868, 34.64366342763816)",-20.971233704374868,34.64366342763816,26.0,26.0,78,5.1,0
348,mamallapuram,"(12.668456097831836, 80.54816612983768)",12.668456097831836,80.54816612983768,25.0,25.0,94,1.0,75
349,kholodnyy,"(60.56755330022037, 146.88602965592582)",60.56755330022037,146.88602965592582,-19.27,-19.27,87,1.51,100
350,isiro,"(3.1826440704269316, 27.482428370929597)",3.1826440704269316,27.482428370929597,20.37,20.37,94,0.18,71
351,nishihara,"(22.135646424726673, 134.00112701167097)",22.135646424726673,134.00112701167097,23.22,24.0,94,2.1,40
352,nemuro,"(39.686565590973146, 146.41602032188524)",39.686565590973146,146.41602032188524,9.87,9.87,82,5.15,90
353,ahipara,"(-35.522144684150476, 173.36122215777743)",-35.522144684150476,173.36122215777743,18.56,18.56,68,5.47,42
354,baoqing,"(46.73044112231946, 131.98460177821948)",46.73044112231946,131.98460177821948,-1.23,-1.23,90,0.93,81
355,nyurba,"(65.79683956074805, 118.92537089355312)",65.79683956074805,118.92537089355312,-21.32,-21.32,90,2.17,14
356,dingle,"(54.565405288605575, -16.704963265270862)",54.565405288605575,-16.704963265270862,23.0,23.0,91,0.43,96
357,san pedro,"(18.51821366206103, -86.7644386380609)",18.51821366206103,-86.7644386380609,24.08,25.0,88,5.1,75
358,uvira,"(-3.1778369002454383, 28.767650899279374)",-3.1778369002454383,28.767650899279374,23.61,23.61,62,1.97,93
360,malanje,"(-9.950808509362929, 15.509058514629771)",-9.950808509362929,15.509058514629771,19.45,19.45,97,1.73,100
361,pucara,"(-7.366510873263792, -77.64546827564126)",-7.366510873263792,-77.64546827564126,18.0,18.0,42,5.1,20
362,igarka,"(67.21695298274145, 84.3010324637707)",67.21695298274145,84.3010324637707,-9.64,-9.64,96,6.2,100
364,pochutla,"(8.895870917359531, -97.9942149753465)",8.895870917359531,-97.9942149753465,31.34,31.67,62,2.83,20
365,kargopol,"(62.19255738517816, 37.96233345817396)",62.19255738517816,37.96233345817396,7.32,7.32,79,6.44,100
366,praxedis guerrero,"(31.159300032889703, -105.73914339209311)",31.159300032889703,-105.73914339209311,28.18,29.0,15,4.6,5
367,kununurra,"(-17.330952941125133, 127.295335270983)",-17.330952941125133,127.295335270983,22.0,22.0,88,1.5,52
368,cockburn town,"(26.122698275931185, -67.37870259181645)",26.122698275931185,-67.37870259181645,24.0,24.0,88,5.1,90
369,miandrivazo,"(-18.83571305760661, 45.28659816381321)",-18.83571305760661,45.28659816381321,29.29,29.29,54,2.11,100
370,divo,"(5.486164472116954, -5.305547983424191)",5.486164472116954,-5.305547983424191,22.89,22.89,98,1.33,96
372,adrar,"(24.754487479690866, 2.5283411774639717)",24.754487479690866,2.5283411774639717,29.89,29.89,17,4.49,83
373,okitipupa,"(5.308217286611352, 4.48027753871429)",5.308217286611352,4.48027753871429,24.38,24.38,93,1.23,100
374,coelho neto,"(-4.1476724637278295, -43.023896369654096)",-4.1476724637278295,-43.023896369654096,29.76,29.76,53,0.78,74
375,kamien pomorski,"(54.06768035189262, 14.512336735177001)",54.06768035189262,14.512336735177001,6.18,7.22,100,3.6,90
376,saint-gaudens,"(42.90429123554807, 0.9607121240208869)",42.90429123554807,0.9607121240208869,13.24,13.89,93,2.1,98
377,maceio,"(-15.872278361293866, -27.433908111312974)",-15.872278361293866,-27.433908111312974,27.0,27.0,78,5.7,75
378,nelson bay,"(-32.2333181549954, 152.0815502655832)",-32.2333181549954,152.0815502655832,16.67,18.0,55,5.7,75
379,khandbari,"(30.33318132736248, 87.43763794843989)",30.33318132736248,87.43763794843989,15.05,15.05,61,1.39,0
380,sosnovo-ozerskoye,"(53.613760695934076, 111.50667916126605)",53.613760695934076,111.50667916126605,-13.79,-13.79,93,3.2,39
381,baruun-urt,"(46.95602731789066, 112.65983485035787)",46.95602731789066,112.65983485035787,-9.42,-9.42,84,2.95,0
382,half moon bay,"(34.5230352271017, -129.43348765382126)",34.5230352271017,-129.43348765382126,15.17,16.11,66,5.7,1
383,harper,"(0.7854209144837938, -11.415911447289801)",0.7854209144837938,-11.415911447289801,25.97,25.97,86,2.54,73
384,te anau,"(-41.32509034347021, 164.33363669439842)",-41.32509034347021,164.33363669439842,7.25,7.25,69,3.26,79
385,axim,"(-3.7006948301827123, -2.1834056171800853)",-3.7006948301827123,-2.1834056171800853,25.91,25.91,86,3.24,85
386,zlobin,"(53.693435270227184, 29.711854162901176)",53.693435270227184,29.711854162901176,9.56,12.22,76,1.0,0
387,nome,"(66.86343887880025, -166.03676591621627)",66.86343887880025,-166.03676591621627,2.14,2.22,93,3.6,40
388,carutapera,"(9.292275050416961, -40.99944225435152)",9.292275050416961,-40.99944225435152,28.07,28.07,72,4.73,4
389,muravlenko,"(63.644532476653836, 74.36915422782292)",63.644532476653836,74.36915422782292,0.84,0.84,99,3.91,100
390,deputatskiy,"(73.12487551249984, 142.75858541215945)",73.12487551249984,142.75858541215945,-21.24,-21.24,92,1.52,96
392,sao raimundo das mangabeiras,"(-7.429354309544678, -45.181820675724936)",-7.429354309544678,-45.181820675724936,29.91,29.91,56,2.5,74
394,pryazha,"(61.800763454450816, 33.86624030016762)",61.800763454450816,33.86624030016762,8.0,8.0,75,7.0,75
395,mokhsogollokh,"(60.143276078482984, 127.79039667975673)",60.143276078482984,127.79039667975673,-19.88,-19.88,91,2.01,100
396,chaman,"(30.57777764911056, 66.51545806766569)",30.57777764911056,66.51545806766569,8.29,8.29,53,1.04,0
397,hervey bay,"(-23.685730146051654, 155.70560760685908)",-23.685730146051654,155.70560760685908,23.33,23.33,62,1.34,0
398,mount isa,"(-20.605445163354688, 139.65221656420897)",-20.605445163354688,139.65221656420897,25.0,25.0,13,4.6,7
399,padang,"(-9.15810213521911, 88.6258204565529)",-9.15810213521911,88.6258204565529,25.49,25.49,78,1.56,100
400,savigny-le-temple,"(48.499278886733606, 2.5521290647854187)",48.499278886733606,2.5521290647854187,12.71,13.33,87,3.6,0
401,elverum,"(61.03371430066116, 11.58203389176549)",61.03371430066116,11.58203389176549,2.78,2.78,89,1.01,96
402,mardin,"(36.83073910677044, 40.44044586493712)",36.83073910677044,40.44044586493712,14.0,14.0,82,3.1,0
403,kuching,"(4.173666324457471, 108.97908950812399)",4.173666324457471,108.97908950812399,23.95,24.0,100,0.5,40
404,puerto carreno,"(6.853241908723689, -67.5502464274164)",6.853241908723689,-67.5502464274164,32.62,32.62,58,0.87,57
405,la tuque,"(47.66749365426668, -73.10487820611246)",47.66749365426668,-73.10487820611246,10.0,10.0,76,2.1,100
406,sorong,"(0.22331664735577306, 129.97193826160088)",0.22331664735577306,129.97193826160088,26.79,26.79,85,4.98,100
407,yerbogachen,"(60.25293118965874, 106.55527284789741)",60.25293118965874,106.55527284789741,-15.16,-15.16,93,2.65,100
408,tolaga bay,"(-38.99425264340232, 179.11225054212127)",-38.99425264340232,179.11225054212127,21.62,21.62,57,4.78,4
409,houma,"(28.548126792492155, -90.40671876925641)",28.548126792492155,-90.40671876925641,21.82,22.22,94,5.1,90
410,sambava,"(-13.92557555047776, 50.25260953829195)",-13.92557555047776,50.25260953829195,23.77,23.77,86,4.89,100
411,risod,"(19.964545419987928, 76.8395704097291)",19.964545419987928,76.8395704097291,17.38,17.38,46,1.54,0
412,arauco,"(-36.65980568149969, -74.12141692406053)",-36.65980568149969,-74.12141692406053,18.0,18.0,59,9.8,0
413,campbell river,"(50.08907461481758, -125.12212568950451)",50.08907461481758,-125.12212568950451,7.66,8.0,45,7.2,20
414,imeni poliny osipenko,"(53.010867759774726, 137.95985519349028)",53.010867759774726,137.95985519349028,-9.97,-9.97,92,2.76,94
415,solnechnyy,"(59.73623430697529, 139.1467776717053)",59.73623430697529,139.1467776717053,-7.15,-7.15,87,2.69,100
416,alta floresta,"(-10.398165172162606, -55.3231218341915)",-10.398165172162606,-55.3231218341915,28.0,28.0,83,1.0,40
417,makakilo city,"(5.417958388261042, -165.22701462217574)",5.417958388261042,-165.22701462217574,28.06,29.0,66,3.1,75
418,beloha,"(-30.56800120520741, 40.1401715946065)",-30.56800120520741,40.1401715946065,21.69,21.69,73,0.9,0
419,ostrovnoy,"(77.18029044730889, 43.355860879063584)",77.18029044730889,43.355860879063584,1.56,1.56,90,7.88,100
420,brae,"(63.99198795900779, -0.21574426860874496)",63.99198795900779,-0.21574426860874496,7.0,7.0,100,0.29,43
421,port hedland,"(-20.994516494870524, 120.84879097257846)",-20.994516494870524,120.84879097257846,24.0,24.0,83,3.6,0
422,astana,"(51.41915895046114, 71.31199068831936)",51.41915895046114,71.31199068831936,7.0,7.0,45,6.0,40
423,kutulik,"(53.010850229577414, 102.58449641910755)",53.010850229577414,102.58449641910755,-3.12,-3.12,97,2.65,88
424,guerrero negro,"(19.509910370101878, -122.41216495995505)",19.509910370101878,-122.41216495995505,21.37,21.37,62,8.91,42
425,alcudia,"(40.54923259977605, 2.854361243073754)",40.54923259977605,2.854361243073754,16.48,17.22,93,3.27,0
426,gloversville,"(43.713936415311196, -74.57412531670535)",43.713936415311196,-74.57412531670535,17.15,18.0,52,1.97,1
427,havelock,"(30.968716413840127, -73.98830036190549)",30.968716413840127,-73.98830036190549,22.69,23.89,73,4.6,20
428,verkhnyaya inta,"(66.82184684434952, 61.67428214765755)",66.82184684434952,61.67428214765755,-1.7,-1.7,98,3.63,100
429,geraldton,"(55.90234804362677, -88.8005118007972)",55.90234804362677,-88.8005118007972,21.0,21.0,73,3.1,90
430,ramnicelu,"(45.23024211490153, 27.50473896627841)",45.23024211490153,27.50473896627841,5.0,5.0,86,1.5,5
431,atar,"(20.395389612940846, -10.136618704908727)",20.395389612940846,-10.136618704908727,30.77,30.77,17,5.12,20
432,sorbhog,"(26.649637604699066, 90.878672167991)",26.649637604699066,90.878672167991,17.72,17.72,63,1.98,0
433,azul,"(-37.11405759269383, -59.957147291050546)",-37.11405759269383,-59.957147291050546,24.22,24.22,53,1.83,69
434,bubaque,"(8.581251206548501, -16.507697151617464)",8.581251206548501,-16.507697151617464,29.43,29.43,77,6.37,0
435,faanui,"(-2.723647533277031, -158.0363942613518)",-2.723647533277031,-158.0363942613518,25.98,25.98,79,5.68,59
436,phalaborwa,"(-24.35009873056947, 31.738011240687115)",-24.35009873056947,31.738011240687115,30.0,30.0,55,0.5,0
437,kupang,"(-12.797322602172244, 122.18349994565455)",-12.797322602172244,122.18349994565455,25.97,25.97,76,1.45,20
438,sena madureira,"(-9.448930022873796, -68.71708088766674)",-9.448930022873796,-68.71708088766674,34.02,34.02,39,1.44,70
439,vao,"(-22.5656186983298, 168.44624602947584)",-22.5656186983298,168.44624602947584,22.95,22.95,73,5.06,73
440,iskateley,"(67.35554979291462, 54.30337676408524)",67.35554979291462,54.30337676408524,-0.39,-0.39,99,1.43,100
441,pevek,"(87.12662050770709, 167.253027533696)",87.12662050770709,167.253027533696,-8.44,-8.44,96,1.06,100
442,roosendaal,"(51.52894118679407, 4.481437000875076)",51.52894118679407,4.481437000875076,8.53,9.44,92,2.14,0
443,kamaishi,"(35.591512970336794, 149.21131193271952)",35.591512970336794,149.21131193271952,13.22,13.22,80,2.74,31
444,morant bay,"(14.868420742141168, -76.6830415849395)",14.868420742141168,-76.6830415849395,24.29,24.44,94,10.3,75
446,adeje,"(26.358365774198447, -17.760452898715982)",26.358365774198447,-17.760452898715982,19.58,21.0,60,1.5,20
447,victor harbor,"(-36.95400226700331, 137.55491393812315)",-36.95400226700331,137.55491393812315,14.44,14.44,75,4.66,0
448,pinega,"(64.61390259978248, 43.02799656727129)",64.61390259978248,43.02799656727129,3.2,3.2,93,3.79,100
449,luganville,"(-14.798068302772379, 166.43804026874932)",-14.798068302772379,166.43804026874932,28.0,28.0,88,4.1,75
450,port elizabeth,"(-78.06711005835217, 35.493378469639765)",-78.06711005835217,35.493378469639765,17.0,17.0,93,2.6,1
451,balancan,"(17.635045494958348, -91.5363862153377)",17.635045494958348,-91.5363862153377,27.14,27.14,84,4.16,5
452,araouane,"(18.657207590998453, -5.897688458645803)",18.657207590998453,-5.897688458645803,28.9,28.9,14,4.21,0
453,keti bandar,"(20.865615812992118, 65.001013599989)",20.865615812992118,65.001013599989,25.12,25.12,54,2.88,0
455,joshimath,"(30.52031952549885, 79.37520767020806)",30.52031952549885,79.37520767020806,9.47,9.47,32,2.9,0
456,iqaluit,"(63.78900982385662, -72.23301258829599)",63.78900982385662,-72.23301258829599,-12.0,-12.0,78,2.1,75
457,trincomalee,"(10.801569342062493, 84.42973110405302)",10.801569342062493,84.42973110405302,27.75,27.75,78,3.85,16
458,san lorenzo,"(-27.942377953902813, -59.111100571902924)",-27.942377953902813,-59.111100571902924,38.0,38.0,15,2.1,0
459,berat,"(40.654433721340695, 19.902264887162772)",40.654433721340695,19.902264887162772,13.63,13.63,52,1.8,53
460,zhigansk,"(68.73124487941485, 120.60043424034069)",68.73124487941485,120.60043424034069,-26.81,-26.81,88,2.36,61
461,gatton,"(-27.609494588981185, 152.13585417059494)",-27.609494588981185,152.13585417059494,17.69,20.0,68,2.6,90
462,meulaboh,"(-2.712697491545768, 90.07701782276234)",-2.712697491545768,90.07701782276234,24.62,24.62,86,1.66,100
464,gravdal,"(69.91733574159926, 13.19075816136268)",69.91733574159926,13.19075816136268,3.82,3.82,74,7.7,100
465,kigali,"(-1.949150300556724, 29.955454832541477)",-1.949150300556724,29.955454832541477,18.94,19.0,93,2.1,40
466,namatanai,"(5.3380382174212855, 159.1347402854022)",5.3380382174212855,159.1347402854022,27.6,27.6,72,2.24,68
467,cayenne,"(12.948661711234024, -40.118235238233694)",12.948661711234024,-40.118235238233694,26.0,26.0,100,0.5,75
468,garowe,"(8.876520285287782, 46.949107627069395)",8.876520285287782,46.949107627069395,23.13,23.13,72,6.43,36
469,eenhana,"(-16.010242460157784, 16.88980009887186)",-16.010242460157784,16.88980009887186,27.14,27.14,16,2.45,31
470,poroshkovo,"(48.649454374067886, 22.58556707139479)",48.649454374067886,22.58556707139479,2.22,2.22,92,1.02,0
471,kirksville,"(40.28248670638672, -93.52189135448499)",40.28248670638672,-93.52189135448499,22.18,22.78,43,7.2,1
472,santiago del estero,"(-29.484085699513876, -63.76144361305214)",-29.484085699513876,-63.76144361305214,33.89,33.89,23,3.58,6
473,henties bay,"(-23.199337681067234, 6.35717166555213)",-23.199337681067234,6.35717166555213,15.56,15.56,90,0.89,0
474,camacari,"(-13.2220419445797, -36.810621089654916)",-13.2220419445797,-36.810621089654916,27.0,27.0,83,5.1,40
475,madimba,"(-10.199276708795665, 41.59401705658061)",-10.199276708795665,41.59401705658061,27.0,27.0,74,5.1,20
476,priiskovyy,"(54.46565162693045, 88.3563387320001)",54.46565162693045,88.3563387320001,-12.04,-12.04,84,1.03,0
477,lorengau,"(-1.3975297264536266, 147.93210842590986)",-1.3975297264536266,147.93210842590986,27.75,27.75,69,3.4,23
478,sumenep,"(-6.422494314023126, 113.84411032498303)",-6.422494314023126,113.84411032498303,27.03,27.03,76,1.6,3
479,mayo,"(64.06023066248596, -138.22301020905155)",64.06023066248596,-138.22301020905155,19.26,20.56,72,2.6,1
480,krumovgrad,"(41.59937754559314, 25.58727874453058)",41.59937754559314,25.58727874453058,11.08,12.22,83,3.59,46
481,kabelvag,"(68.25143295016412, 14.17795885855611)",68.25143295016412,14.17795885855611,2.99,3.89,80,6.7,40
483,pedernales,"(15.05785892989077, -72.5877071542442)",15.05785892989077,-72.5877071542442,24.0,24.0,88,3.1,75
485,isangel,"(-17.05790143134854, 178.34726728557786)",-17.05790143134854,178.34726728557786,27.16,27.16,71,3.47,0
486,waingapu,"(-12.051925214780397, 120.12732136800838)",-12.051925214780397,120.12732136800838,26.37,26.37,73,1.34,89
487,siguiri,"(11.307571163552154, -9.493207504050275)",11.307571163552154,-9.493207504050275,27.03,27.03,23,1.21,0
488,pajan,"(-1.430884611446828, -80.39723268840251)",-1.430884611446828,-80.39723268840251,30.0,30.0,45,2.03,32
489,graaff-reinet,"(-32.204000306518815, 24.34632792000761)",-32.204000306518815,24.34632792000761,20.0,20.0,41,1.34,35
490,luderitz,"(-29.067240695906506, 4.659315082528138)",-29.067240695906506,4.659315082528138,17.14,17.14,86,2.29,0
491,junagarh,"(19.8433936047944, 82.8342838356877)",19.8433936047944,82.8342838356877,16.04,16.04,67,0.7,0
492,marsa matruh,"(28.478518084836352, 25.710341089805524)",28.478518084836352,25.710341089805524,20.0,20.0,72,3.1,96
494,dalbandin,"(28.002137821684784, 63.460106633298295)",28.002137821684784,63.460106633298295,13.75,13.75,29,1.23,0
495,iranshahr,"(26.320302485191604, 59.58873420492699)",26.320302485191604,59.58873420492699,19.0,19.0,17,3.1,0
496,rio verde de mato grosso,"(-18.67006322413887, -55.48740310232576)",-18.67006322413887,-55.48740310232576,33.96,33.96,33,0.9,32
497,teya,"(59.559587892674614, 92.26079387049515)",59.559587892674614,92.26079387049515,3.4,3.4,86,5.12,100
498,rairangpur,"(22.094046146751836, 86.26506199943424)",22.094046146751836,86.26506199943424,15.67,15.67,58,0.88,0
499,suntar,"(62.59659852084536, 117.19520501645519)",62.59659852084536,117.19520501645519,-21.18,-21.18,90,1.94,7
500,kochki,"(54.448511054996914, 80.97490938042125)",54.448511054996914,80.97490938042125,4.0,4.0,71,6.67,72
501,honningsvag,"(80.84370098639431, 26.397943506113506)",80.84370098639431,26.397943506113506,3.93,3.93,83,14.26,100
502,vardo,"(87.40355661909973, 38.83725825021162)",87.40355661909973,38.83725825021162,4.36,4.36,73,13.9,95
503,glenwood springs,"(39.785101326125016, -107.19688299139878)",39.785101326125016,-107.19688299139878,10.38,14.44,80,5.7,75
504,tokur,"(53.49117631056572, 132.99423550480049)",53.49117631056572,132.99423550480049,-14.92,-14.92,95,1.3,90
505,gobabis,"(-21.143736269523913, 19.397251580911274)",-21.143736269523913,19.397251580911274,27.33,27.33,15,8.52,0
506,kankon,"(14.934117204493887, 73.95854289934837)",14.934117204493887,73.95854289934837,26.0,26.0,94,2.1,20
507,emba,"(49.24541500389938, 59.44656320689205)",49.24541500389938,59.44656320689205,4.42,4.42,72,9.04,99
508,khrystynivka,"(48.81256618763845, 29.970408239852446)",48.81256618763845,29.970408239852446,6.26,6.26,94,1.92,0
509,salmas,"(38.39541259968007, 44.30815285478516)",38.39541259968007,44.30815285478516,6.0,6.0,93,2.1,40
510,tura,"(66.3051482947173, 102.89707449994961)",66.3051482947173,102.89707449994961,18.02,18.02,87,2.1,0
511,cidreira,"(-52.92758353983353, -23.08940970242213)",-52.92758353983353,-23.08940970242213,20.58,20.58,80,6.26,2
513,hamilton,"(27.764718665415245, -62.915766894240534)",27.764718665415245,-62.915766894240534,21.86,23.0,33,2.1,1
514,vostok,"(50.69473602632016, 147.0444128598441)",50.69473602632016,147.0444128598441,-6.31,-6.31,99,1.11,96
515,olinda,"(-8.988883223968728, -27.29199022069261)",-8.988883223968728,-27.29199022069261,28.0,28.0,74,6.2,75
516,jenjarom,"(2.9479835103543763, 101.60162250418335)",2.9479835103543763,101.60162250418335,25.39,26.0,94,1.5,20
517,mehran,"(30.890782496799503, 45.35961058664731)",30.890782496799503,45.35961058664731,15.0,15.0,67,3.1,75
518,otane,"(-41.37204385833022, 177.9176953252604)",-41.37204385833022,177.9176953252604,21.91,21.91,58,4.23,22
519,cam ranh,"(11.234455709939155, 110.83040164392708)",11.234455709939155,110.83040164392708,27.0,27.0,74,4.6,40
520,guanica,"(15.50022762502735, -67.31865516529258)",15.50022762502735,-67.31865516529258,27.12,28.89,70,0.45,100
521,cacu,"(-18.509111979695447, -51.09855844012344)",-18.509111979695447,-51.09855844012344,32.21,32.21,32,1.51,69
522,lodwar,"(2.8148679974460293, 35.794034540198595)",2.8148679974460293,35.794034540198595,28.72,28.72,51,5.7,58
523,vanimo,"(4.956371024072936, 142.7113846025593)",4.956371024072936,142.7113846025593,24.24,24.24,91,2.11,100
524,panguna,"(-6.265615540176725, 153.71633450454766)",-6.265615540176725,153.71633450454766,23.65,23.65,88,0.55,35
525,muleba,"(-2.0610568208698794, 31.945964915978976)",-2.0610568208698794,31.945964915978976,21.0,21.0,83,2.45,20
526,salalah,"(16.80712248471781, 56.63699961093488)",16.80712248471781,56.63699961093488,24.0,24.0,64,1.0,0
528,sorland,"(69.79491919564839, 10.8226851947787)",69.79491919564839,10.8226851947787,4.37,4.37,71,6.83,100
529,san andres,"(12.590671739215182, -80.17156732594734)",12.590671739215182,-80.17156732594734,30.0,30.0,74,2.1,40
530,grootfontein,"(-19.984162068920853, 17.984399091171696)",-19.984162068920853,17.984399091171696,26.96,26.96,16,2.57,22
531,teguise,"(30.217729415144362, -13.417820606863842)",30.217729415144362,-13.417820606863842,20.0,20.0,72,1.5,20
532,mastung,"(29.96600649878374, 66.77343737020743)",29.96600649878374,66.77343737020743,7.39,7.39,50,0.65,0
535,mackay,"(-19.29562180791936, 150.42348304546613)",-19.29562180791936,150.42348304546613,22.85,24.0,88,9.3,90
536,kuala lipis,"(4.439576716839852, 102.0050331222156)",4.439576716839852,102.0050331222156,23.0,23.0,96,0.27,91
537,andra,"(64.24250486767721, 66.58672377397332)",64.24250486767721,66.58672377397332,0.35,0.35,97,2.64,100
538,ekhabi,"(53.79114984967461, 147.09427450631455)",53.79114984967461,147.09427450631455,-4.07,-4.07,90,2.62,92
539,mogadishu,"(0.2847897093396199, 49.360915090270936)",0.2847897093396199,49.360915090270936,26.42,26.42,81,3.43,100
540,nanning,"(23.01537015423378, 108.46323030518033)",23.01537015423378,108.46323030518033,18.0,18.0,77,1.0,0
541,belmonte,"(-17.454385193320334, -28.74649219738623)",-17.454385193320334,-28.74649219738623,25.0,25.0,88,4.6,40
542,ruhengeri,"(-1.5081859903744146, 29.734047934375184)",-1.5081859903744146,29.734047934375184,14.55,14.55,85,0.57,90
543,saint-francois,"(19.480804759196715, -54.678109630322666)",19.480804759196715,-54.678109630322666,14.5,16.0,67,5.1,0
544,sitka,"(43.48496752993998, -142.9905107978534)",43.48496752993998,-142.9905107978534,3.0,3.0,74,3.6,40
545,matara,"(-3.3309365706091967, 82.7678773654066)",-3.3309365706091967,82.7678773654066,25.03,25.03,87,2.53,0
548,royan,"(45.642826254452956, -2.1319183502475028)",45.642826254452956,-2.1319183502475028,14.19,15.0,100,2.6,0
549,tongliao,"(44.61733976581576, 120.35754300269184)",44.61733976581576,120.35754300269184,-3.03,-3.03,81,5.5,0
550,hami,"(45.531574940277466, 96.73941380492056)",45.531574940277466,96.73941380492056,2.22,2.22,72,1.57,76
551,semey,"(49.693496493400175, 78.88373670055887)",49.693496493400175,78.88373670055887,5.36,5.36,62,7.2,19
552,dourbali,"(11.655368461238709, 16.18142304873149)",11.655368461238709,16.18142304873149,26.96,26.96,19,3.85,2
553,richards bay,"(-36.67341866420437, 40.08460652041518)",-36.67341866420437,40.08460652041518,21.98,21.98,92,3.49,2
554,buala,"(-8.807909218219592, 159.14806220039924)",-8.807909218219592,159.14806220039924,28.34,28.34,72,1.68,5
555,ayan,"(57.34894635003732, 137.78301328972498)",57.34894635003732,137.78301328972498,-11.17,-11.17,86,8.14,93
557,waldkirch,"(48.04208449434071, 7.975133208901639)",48.04208449434071,7.975133208901639,6.59,7.78,100,0.5,90
559,suamico,"(45.166135268814145, -88.53198971457455)",45.166135268814145,-88.53198971457455,21.48,22.0,40,6.2,1
560,kidal,"(17.648910110952656, 0.7760939852068702)",17.648910110952656,0.7760939852068702,24.49,24.49,18,5.17,0
561,rondonopolis,"(-16.70798610924838, -54.55404582978261)",-16.70798610924838,-54.55404582978261,33.3,33.3,38,2.09,96
562,kruisfontein,"(-58.30794067250312, 27.459505045241315)",-58.30794067250312,27.459505045241315,16.11,16.11,81,2.12,0
563,oranjestad,"(17.29364408187098, -63.23380163622862)",17.29364408187098,-63.23380163622862,30.0,30.0,74,3.6,20
564,manzil salim,"(35.6859901136028, 8.003165095416762)",35.6859901136028,8.003165095416762,18.0,18.0,34,2.1,20
565,kutum,"(13.076049973305587, 24.152883548691335)",13.076049973305587,24.152883548691335,19.82,19.82,26,4.76,5
566,aljustrel,"(37.94358931377978, -8.353022976348996)",37.94358931377978,-8.353022976348996,15.0,15.0,87,4.1,20
567,surt,"(31.33012514005415, 16.709111646500986)",31.33012514005415,16.709111646500986,20.29,20.29,69,4.76,11
568,sinnamary,"(18.83994204920789, -44.77456335265333)",18.83994204920789,-44.77456335265333,27.0,27.0,81,5.98,97
569,natori,"(38.28019530382835, 140.68639405140573)",38.28019530382835,140.68639405140573,15.0,15.0,58,2.6,20
570,jiuquan,"(40.66137026490446, 98.7997400747717)",40.66137026490446,98.7997400747717,-0.41,-0.41,68,0.99,26
571,mamonovo,"(54.48354685418559, 20.031953522607893)",54.48354685418559,20.031953522607893,8.0,8.0,100,5.0,90
572,salvador,"(-14.194661073578857, -36.7893524566972)",-14.194661073578857,-36.7893524566972,25.14,28.0,100,6.2,40
573,general pico,"(-34.46080449415723, -63.720284224284725)",-34.46080449415723,-63.720284224284725,28.45,28.45,35,5.2,54
574,smithers,"(58.9687059063117, -128.05892759810547)",58.9687059063117,-128.05892759810547,1.0,1.0,50,5.1,5
575,jodhpur,"(26.598784567819024, 72.57938823482408)",26.598784567819024,72.57938823482408,20.78,20.78,26,1.05,0
576,srednekolymsk,"(69.26779219932945, 151.4823308897906)",69.26779219932945,151.4823308897906,-20.51,-20.51,91,3.62,96
577,dunedin,"(-58.45151645750161, 179.09440938969948)",-58.45151645750161,179.09440938969948,10.56,10.56,58,8.49,93
578,makubetsu,"(45.2539560760126, 142.0903299118532)",45.2539560760126,142.0903299118532,6.38,6.38,66,8.84,1
579,palu,"(1.0166550571647122, 119.3939769631931)",1.0166550571647122,119.3939769631931,24.12,24.12,80,1.25,100
580,izhevskoye,"(54.51557934629599, 40.65027143168277)",54.51557934629599,40.65027143168277,3.09,3.09,90,3.48,0
581,kalabo,"(-14.786247178914081, 21.59811451556007)",-14.786247178914081,21.59811451556007,25.86,25.86,37,2.09,0
582,gemena,"(2.932160832593283, 19.717907963153294)",2.932160832593283,19.717907963153294,21.57,21.57,95,0.63,54
583,boddam,"(57.00066813386127, -0.7589853464453711)",57.00066813386127,-0.7589853464453711,5.85,7.78,93,1.0,75
584,quatre cocos,"(-17.412124899129424, 69.06654811937253)",-17.412124899129424,69.06654811937253,22.31,23.0,78,3.1,75
585,sao fidelis,"(-21.54284009841821, -41.63785633575418)",-21.54284009841821,-41.63785633575418,23.0,23.0,78,4.1,75
586,america dourada,"(-11.499294919466521, -41.24342363452055)",-11.499294919466521,-41.24342363452055,24.57,24.57,66,3.29,8
587,labuan,"(5.80466849096716, 114.37970314672242)",5.80466849096716,114.37970314672242,25.0,25.0,94,0.5,20
588,byron bay,"(-27.526000676340438, 160.67686832168494)",-27.526000676340438,160.67686832168494,17.61,19.0,72,6.7,90
589,coahuayana,"(7.623513148894602, -109.02865947881136)",7.623513148894602,-109.02865947881136,29.0,29.0,51,5.1,40
590,novopokrovka,"(45.42976769026572, 134.92585790099173)",45.42976769026572,134.92585790099173,5.78,6.0,93,2.0,35
591,nador,"(34.67290691156218, -2.4742263707779557)",34.67290691156218,-2.4742263707779557,16.08,17.0,82,1.45,0
592,popondetta,"(-10.2737518614435, 148.75023795049196)",-10.2737518614435,148.75023795049196,25.42,25.42,81,0.81,28
593,northam,"(-28.932017541783097, 119.76236735023207)",-28.932017541783097,119.76236735023207,12.58,13.33,95,5.85,100
594,fernandina beach,"(30.78106665302562, -80.77766951956563)",30.78106665302562,-80.77766951956563,24.18,24.44,94,4.6,90
595,pauini,"(-8.017886229627294, -66.2257314250032)",-8.017886229627294,-66.2257314250032,33.97,33.97,42,1.29,68
596,muros,"(42.17835134374462, -13.378818076077778)",42.17835134374462,-13.378818076077778,16.11,16.11,89,5.81,22
597,kungurtug,"(49.43665672118141, 97.94730898938258)",49.43665672118141,97.94730898938258,-6.13,-6.13,93,0.52,70
598,kuybyshevo,"(40.541654069194976, 71.19863036400733)",40.541654069194976,71.19863036400733,8.06,8.06,77,3.42,0
599,pop,"(40.64627278954657, 71.15893935304894)",40.64627278954657,71.15893935304894,9.0,9.0,31,3.1,75
600,thinadhoo,"(1.1598793911660294, 64.04763330143632)",1.1598793911660294,64.04763330143632,28.95,28.95,68,3.05,96
601,hellvik,"(58.07927933762949, 5.761746677142412)",58.07927933762949,5.761746677142412,8.23,8.89,94,1.86,97
602,begoro,"(6.563244390698884, -0.49698423156328886)",6.563244390698884,-0.49698423156328886,22.27,22.27,91,1.84,100
603,morris,"(41.27214522322083, -88.40320676533631)",41.27214522322083,-88.40320676533631,23.3,25.0,40,3.6,20
604,podyuga,"(61.12883178683754, 40.88356391257719)",61.12883178683754,40.88356391257719,6.79,6.79,83,6.32,100
606,pleasant point,"(-44.2851770642402, 171.2275310710935)",-44.2851770642402,171.2275310710935,8.89,8.89,82,3.58,100
607,kem,"(64.80876357501694, 33.548886166369044)",64.80876357501694,33.548886166369044,3.29,3.29,75,9.12,23
608,tadine,"(-21.786702218832886, 169.0473475115316)",-21.786702218832886,169.0473475115316,24.78,24.78,75,4.56,4
609,westport,"(53.25151803778553, -10.328957774930728)",53.25151803778553,-10.328957774930728,19.76,21.11,45,3.1,1
610,maykopskoye,"(45.36209572239787, 40.78782211715222)",45.36209572239787,40.78782211715222,7.94,7.97,94,2.6,99
611,athabasca,"(58.82862269429785, -111.32646879483053)",58.82862269429785,-111.32646879483053,-5.53,-5.0,92,4.6,100
